<?xml version="1.0" encoding="UTF-8"?>
<project-private xmlns="http://www.netbeans.org/ns/project-private/1">
    <editor-bookmarks xmlns="http://www.netbeans.org/ns/editor-bookmarks/2" lastBookmarkId="0"/>
    <open-files xmlns="http://www.netbeans.org/ns/projectui-open-files/2">
        <group name="CSD201"/>
        <group name="CSDAssign">
            <file>file:/C:/Users/Legion%205%20Pro/Documents/FPT/CSD201%20-%20Data%20structures%20and%20Algorithm%20(Java)/Assignments/ASM01/ASM1_01/Q1/Given/src/q1/ComputerStore.java</file>
        </group>
        <group>
            <file>file:/E:/FPT/Semester_3/CSD201/asm/SE190377-PhungLuuHoangLong-ASM01/Q1/Given/src/q1/Node.java</file>
            <file>file:/E:/FPT/Semester_3/CSD201/asm/SE190377-PhungLuuHoangLong-ASM01/Q1/Given/src/q1/Q1.java</file>
            <file>file:/E:/FPT/Semester_3/CSD201/asm/SE190377-PhungLuuHoangLong-ASM01/Q1/Given/src/q1/ComputerStore.java</file>
            <file>file:/E:/FPT/Semester_3/CSD201/asm/SE190377-PhungLuuHoangLong-ASM01/Q1/Given/src/q1/Lib.java</file>
            <file>file:/E:/FPT/Semester_3/CSD201/asm/SE190377-PhungLuuHoangLong-ASM01/Q1/Given/src/q1/Item.java</file>
        </group>
    </open-files>
</project-private>
