<?xml version="1.0" encoding="UTF-8"?>
<project-private xmlns="http://www.netbeans.org/ns/project-private/1">
    <editor-bookmarks xmlns="http://www.netbeans.org/ns/editor-bookmarks/2" lastBookmarkId="0"/>
    <open-files xmlns="http://www.netbeans.org/ns/projectui-open-files/2">
        <group>
            <file>file:/C:/Users/Linh/Documents/NetBeansProjects/CSD201/ASM2/ASM2_01/Q1/Given/src/q1/ComputerStore.java</file>
        </group>
        <group name="CSD201"/>
        <group name="CSDAssign">
            <file>file:/C:/Users/Legion%205%20Pro/Documents/FPT/CSD201%20-%20Data%20structures%20and%20Algorithm%20(Java)/Assignments/ASM01/ASM1_01/Q1/Given/src/q1/ComputerStore.java</file>
        </group>
    </open-files>
</project-private>
